joint1,joint2,joint3,joint4,joint5,joint6,joint7,gripper
-0.03504332817482769,-0.7506492844415228,0.030108604633150904,-2.358278861625115,-0.032874177648098746,1.5515552364103617,0.8547939844145509,-0.009414991657757832
-0.02464134203164403,-0.7346669206021402,0.01720745368733234,-2.357795269309142,-0.022405887974259686,1.5534107162548882,0.8322644646958686,-0.009548189941547491
-0.019058678401047136,-0.7272582699437268,0.00858335218775541,-2.357940932972339,-0.01858075384339508,1.5559440092988561,0.8182888323360633,-0.014044140742708211
-0.006992942738547114,-0.7103173008891565,-0.0036051901928428887,-2.357806254532921,-0.006939476144513179,1.5562322673153437,0.7983043476038973,-0.01709008491020869
-0.005912452656979594,-0.7010849440156607,-0.011500805217744547,-2.3576746204351027,0.0008698518426160096,1.5617271996882205,0.7746948521963655,-0.013349021283524554
0.005980370391420076,-0.6846502691188322,-0.027114682014769187,-2.3575843206832885,0.011884538669985956,1.565798286827686,0.7485364516152948,-0.015678508684922488
0.022590965143668873,-0.6557695598050174,-0.049677790516545306,-2.357178945046499,0.03264364737246295,1.5712320228931185,0.703312735720089,-0.014359374743017184
0.038402373447103066,-0.6308681405495155,-0.07198285802441329,-2.3570366288120073,0.05052065049967469,1.5774293473102303,0.6626802226906132,-0.018484451754437803
0.06624281705599344,-0.5858765302683616,-0.10745131163676969,-2.356888028571515,0.08173193932116463,1.58463303887249,0.59489950874886,-0.016914851550391075
0.10871157573802626,-0.5211196249416284,-0.16369386275792008,-2.3575957908464376,0.12789617004082277,1.6012603487034485,0.48877452985515135,-0.012642680842773202
0.13360809823351527,-0.4843789512902509,-0.19239363347240812,-2.3573800197679624,0.1521630015356642,1.6060266660242102,0.4379007279246434,-0.013657685486335391
0.15605681214818512,-0.4415511532232733,-0.2288335355324188,-2.357462055344683,0.1843460859749434,1.6170531760997862,0.36208976292826445,-0.00868126737079744
0.20606815191519934,-0.3641536000394564,-0.294023738006189,-2.3580751736192704,0.23778280704425092,1.6345287068806522,0.23786585442013686,-0.0072904470544212785
0.25905268100150114,-0.2756698130735936,-0.3629897872371818,-2.356739616918556,0.2993634391624642,1.647530469901573,0.10672959837906082,-0.0120641898241316
0.2762658719387585,-0.2431549065920423,-0.3954591134617498,-2.357450066565819,0.3239792815071957,1.6619906891822467,0.036674472278395154,-0.008324288993464823
0.3003291384783565,-0.19376286326689407,-0.4325027755253089,-2.3568509845918793,0.3573595183037568,1.6666767211834512,-0.039347998438806986,-0.003166823538022445
0.3655840833546138,-0.08875071018047864,-0.5215110405141852,-2.35673882889208,0.43198503947061906,1.6911125237881763,-0.21029890023666198,-0.00915545558668085
0.40470350694328516,-0.023093109915896082,-0.5709508561140451,-2.3565244452790237,0.47598700502503777,1.7005424400375135,-0.306981106566919,-0.005836138075496766
0.4397883247933644,0.04086620445438438,-0.6243499632489177,-2.3556625059608574,0.5214915406231564,1.7158917335407333,-0.41529999772945536,-0.004573864858840815
0.5146482398152136,0.16751386156453396,-0.7271105449775661,-2.356072118081863,0.609475511816536,1.7415549456907202,-0.6209490612846235,-0.0012504775615960195
0.5428587453576286,0.21815618092044187,-0.7688965591232475,-2.3559672432078798,0.6453202449594044,1.7531508935378453,-0.7049500193050149,0.0005726121742374302
0.6166498775802648,0.33830635478214033,-0.8687268427036786,-2.3574867670467348,0.728485423436866,1.7793193235638867,-0.9006522668142856,-0.00023053103495995764
0.6514567132456748,0.39964811214949747,-0.9201858989836162,-2.3575186652808355,0.7717251061002746,1.793636138382762,-1.0021027854439257,0.0011874405684217937
0.6843852535769356,0.45586141265258595,-0.9642413806748884,-2.3576839555179707,0.8113400725422437,1.8030452935897285,-1.0888064885720323,0.0007376129291022382
0.7401554910367307,0.5477039957040748,-1.0414592868002268,-2.358304974263124,0.8752882117501657,1.8253325373128622,-1.239192692036923,0.0031514611815604
0.7598520399149903,0.5795777126132875,-1.0689932045373038,-2.35885961019677,0.8977562831032995,1.8336520025334881,-1.29369404445303,0.0014597673956897594
0.7967029144624891,0.6483244739746616,-1.1236202719911697,-2.361556715001365,0.9474893002369474,1.849012359303582,-1.4078582363031904,-0.0019402481590997667
0.8682526447270527,0.7615843300034078,-1.218944061283827,-2.3600337427047693,1.0267710027685726,1.873768759776702,-1.5910797550323643,-0.0014158271552660029
0.8723986176333229,0.7795726709415512,-1.2313416003924151,-2.3615554487707886,1.0406677951712076,1.878476479403712,-1.6237289415130798,-0.004669911809875638
0.9089417485058975,0.8367702786310064,-1.280834069299523,-2.3617335629601466,1.0811597531646686,1.8951238117970106,-1.7228047557153994,-0.006967306041194221
0.9379354334193573,0.8815396771185178,-1.3169827140786292,-2.3614545813818744,1.1123797661509804,1.9032627743844874,-1.7915052196032377,-0.0009611157726734376
0.9719532689581698,0.9339442421739953,-1.3618247826608953,-2.3614840077722437,1.1493033968970214,1.9158956666301048,-1.8780897693483647,-0.005508636577204573
0.9719797665501841,0.941561929297715,-1.3665025620813744,-2.361051340825366,1.1550060354702107,1.9123144495222835,-1.8868727234016829,-0.002317284767731964
1.0054231107809042,0.9915825157500834,-1.4087910022141301,-2.361025228187357,1.1891862842662695,1.921304694965078,-1.9646637970225223,-0.005657997725635688
1.01663255821819,1.0117928908604592,-1.4254815435742143,-2.361153097269791,1.2046305122653658,1.927992310904795,-2.0001546940255497,-0.00030024065620126716
1.031131123059508,1.037965873939736,-1.4458818611138913,-2.3603545570389537,1.2227309137589906,1.9281963717476007,-2.036450468986077,0.004444374073273916
1.0360379254442103,1.0454034797368186,-1.4530468426512044,-2.36080049246581,1.2281706545765294,1.9324356233302693,-2.0518836621561913,-0.001627107191622068
1.0512622760202552,1.066195482234391,-1.4696251776212805,-2.3611292207410983,1.243654105358496,1.9377264460927914,-2.0841597157423157,0.002973437111301047
1.0646490436653948,1.0883029643688544,-1.4890019691675125,-2.3611189090442215,1.2585294204457709,1.9415457394089803,-2.1205573249988934,0.0012972085124615118
1.0675218526986452,1.0945119403610177,-1.4930389276464153,-2.3609145677172814,1.2635881525888608,1.9402701405583231,-2.1272299144457487,0.002787622307725335
1.0718159362920194,1.1020849870139529,-1.498535979732973,-2.3609296075730137,1.269832220465226,1.941049230023853,-2.13803605714283,-0.0006461724713688888
1.0728961345136687,1.105020676525376,-1.5004355119604782,-2.360593470501798,1.2712879444545753,1.9388751552638448,-2.139986050874515,0.0004272626720661643
1.0761662049750076,1.1091971202216349,-1.5033790167346417,-2.3606157238306555,1.27449475271218,1.9392934693672372,-2.14462708239817,0.0033204154428841948
1.0765072165699088,1.1091438384029537,-1.5041985016054849,-2.360928563606315,1.2746934224693645,1.9401024951411792,-2.146319902202157,0.00035301814635713136
1.0793007928290856,1.113054247022667,-1.5067311280246038,-2.3611025894873747,1.2771014579239968,1.9384893064146294,-2.148909637848792,3.3656220186473185e-05
1.0790984804666008,1.1139794556489593,-1.507060394923661,-2.360730364844725,1.2780338647950955,1.9377397909842884,-2.149703413207269,0.0020198280974560445
1.0769661107968602,1.1118944363202035,-1.5049021226747872,-2.360284719034437,1.2764904344588315,1.9372146167304247,-2.146202296893987,0.000562263289682785
1.0757600037954091,1.1133963477783537,-1.5069358681746658,-2.360222020415086,1.2773633045754518,1.9358778250557194,-2.14932055495599,-0.0022664705817728725
1.076318198221165,1.112537885577745,-1.50588872503917,-2.3602769802103274,1.2765593868940492,1.936387466845165,-2.1471459936222788,-0.004309212485287484
1.0778469070338008,1.1142386337497165,-1.50678442886845,-2.3604507905627785,1.2778334690141797,1.9359906000132283,-2.148063518210825,-0.0045161901763792756
1.0773788870460255,1.1148754753760441,-1.5068942760407793,-2.360202690192985,1.278579310422723,1.9357533563365932,-2.1491062433495753,-0.0012411170536561489
1.0753286574451075,1.1143471142234929,-1.5062381389082429,-2.3597392700077404,1.2784333950318927,1.9349851908020823,-2.1490913431295358,-0.0032970566919678923
1.0758205708945,1.1150365831389946,-1.5055713166416709,-2.3595743434751326,1.2795707340283293,1.9348721615566382,-2.1480888679358277,-0.006200383927937869
1.0748161555393694,1.115236884752189,-1.5052700108410249,-2.359766056172652,1.280245941234942,1.934728673493327,-2.148450391781141,-0.009604352989186493
1.0730939682651546,1.1147230167530082,-1.5040348293187142,-2.359112418519612,1.2796440015228758,1.9346901227456896,-2.1477750441455767,-0.010365112283550748
1.0713006586340308,1.1134286223166658,-1.5025792294590183,-2.3586369893496966,1.279216445528953,1.9353604222591592,-2.1472615187049238,-0.009198420899522719
1.0676197018192648,1.1112920509972117,-1.4970274035778945,-2.3580691455534932,1.280012817388658,1.93969317168382,-2.146746396812124,-0.010602787789501189
1.061950482197068,1.1082354137833066,-1.4882151138999045,-2.3574983786505332,1.278891964131707,1.9429167763534085,-2.1426704125938696,-0.01918358285988142
1.0584354179432278,1.1058285685295468,-1.4830770124141992,-2.3572822303969927,1.281580423121416,1.9519314160209886,-2.1446943268976995,-0.0175350869460561
1.0570067389791922,1.1048856720225282,-1.4791636819347,-2.357042636671977,1.2810729168231152,1.9521367761706407,-2.1424872076156545,-0.018142880424335428
1.051274394372917,1.0999043752090956,-1.4713812843930967,-2.356431788183051,1.2810709584500353,1.9608626431499196,-2.1436872074795637,-0.014659492395100338
1.0485945160500612,1.0968884590809505,-1.4636564068253677,-2.3560809143432095,1.2812427199398178,1.9688023994428585,-2.142034540865943,-0.014198792613018485
1.0362886290032811,1.0875346402317887,-1.4472243932818873,-2.354768089175453,1.2804838890962702,1.9845079324907162,-2.1428716139417427,-0.015220134494875248
1.021176582835215,1.0764403650872272,-1.4266134937198016,-2.353332729258331,1.279948168948514,2.002511003622431,-2.1427105174068983,-0.01961654995694917
1.01696709545575,1.0712357022874945,-1.4173474478416588,-2.352334340124993,1.278246663605517,2.0110697015390198,-2.141479991442843,-0.018039740417594707
1.0046635679525344,1.0633608084435564,-1.3969416004954656,-2.351317378487319,1.27904133157,2.030470101420121,-2.1419963227690877,-0.018661138609277095
1.0033096462346005,1.0617116278463192,-1.3948173683873808,-2.350862741092883,1.278057420593327,2.0297907590096727,-2.1409981531584434,-0.02448075825681084
0.9852671127307784,1.0453030873776652,-1.3663907052050968,-2.348978775214736,1.2768926754380272,2.0593089205211013,-2.1416740329447235,-0.02413726831327978
0.9766267848327254,1.0399368960460131,-1.3541350686709448,-2.348226405253063,1.2773936870188263,2.072584380961679,-2.143640571725933,-0.02362807993727356
0.9627732632963572,1.0297414457549954,-1.3332450324648104,-2.346630409169702,1.2766362945283882,2.089984914218679,-2.1432110293436857,-0.02964200279930973
0.9535732467319809,1.0214283444060848,-1.317739885644442,-2.345721205101154,1.2762544781633471,2.1060691764889943,-2.1434206483483345,-0.027584318966972
0.9398366500338464,1.0115167105765541,-1.298284384854446,-2.3443377370642327,1.2751093609958646,2.123205201525964,-2.1435839702407176,-0.03111654442893652
0.935545248674228,1.0060656719615413,-1.2901639950531654,-2.3437919074948366,1.2740404212219114,2.1302190619195933,-2.1432897876496093,-0.029409618015238337
0.9259347537437047,0.9964221848454183,-1.2742817166766607,-2.3428280130418084,1.2729085479672908,2.145995405884304,-2.1435782133375203,-0.026720942924074897
0.9178381320984236,0.9922245468603595,-1.2626723497534855,-2.341669472681601,1.273531399120718,2.1536639636590573,-2.1420811766195733,-0.0332741705789672
0.8965833965557852,0.9716450093159875,-1.2276509538482305,-2.33967438496745,1.2712205188865042,2.189601746010405,-2.1428272035456506,-0.029047639615031096
0.8860329975888217,0.9642578957951634,-1.2131037180597903,-2.3384324417709097,1.2710744043390896,2.203341222714762,-2.144057439245679,-0.029789038355706232
0.879839664352379,0.9567056148700414,-1.2033530339469103,-2.338273856494089,1.2701820943269817,2.2169090794467157,-2.146638225084823,-0.024955934849309025
0.8559564137217932,0.940892470284286,-1.1670724243297395,-2.3357974832936055,1.26908257295307,2.2493976863130793,-2.1456527303366797,-0.031848350102468226
0.8553228721640442,0.9418495404719396,-1.1677516293684649,-2.335757014429671,1.269408216097058,2.2480997449580986,-2.147319765019624,-0.03134171987770018
0.8516018472987412,0.9350630356940166,-1.1599955951482208,-2.334920315532174,1.2687971151821098,2.256256800306326,-2.1482487066598894,-0.03552301807656055
0.8341896654470826,0.9204521371404321,-1.1359186615440973,-2.3341864507221466,1.269116861078349,2.282571825585242,-2.1519726006137,-0.04247700337883953
0.8257989312182703,0.9139261701703973,-1.121486078741776,-2.333145194969101,1.2706182472467973,2.296726648539283,-2.1525485328201035,-0.04789574909938499
0.8283894305241906,0.9180999762685832,-1.1262757649690656,-2.3330070781748455,1.2714452338992253,2.2895821468481583,-2.1522950839474158,-0.04669609244826445
0.8198144874692308,0.9115760936633477,-1.1144077391616376,-2.3332340264322675,1.2713509885777896,2.303147467667554,-2.1537683190151693,-0.0513907650887937
0.8103739947750316,0.9002770598713296,-1.0898183934638643,-2.332681764680953,1.2790597646183108,2.3316854571745442,-2.152667879712434,-0.049206976028372096
0.8096849422829728,0.9059377037689585,-1.0951557302583819,-2.3307336386300768,1.2755365629336373,2.318823698820564,-2.1532479723698876,-0.052392513857757894
0.8106899927417281,0.9180632485920177,-1.099989517628835,-2.3297568899161147,1.285925201037975,2.305835925119469,-2.1585087175906468,-0.047161966672623734
0.8058261595362572,0.9150678449511027,-1.0888597397152597,-2.329007624913462,1.2872353415641347,2.3160871147643887,-2.1557724953651802,-0.04505864309660412
0.8092884567500893,0.9208966561799369,-1.0927412269974168,-2.328924067165942,1.2912134500803207,2.3110861001297387,-2.1560628077692647,-0.050861925460093826
0.8041572963023169,0.9138960773971088,-1.0843428988848764,-2.3283087397231146,1.2892419437301634,2.319590213225195,-2.154287069208303,-0.0393972218472336
0.7988164242265265,0.9117208381886218,-1.0806552793792474,-2.3291709888636563,1.2919810548778359,2.3268139691505514,-2.162088156813813,0.2587381827952255
0.8040457975921406,0.9144437198980552,-1.0837774106347782,-2.3295813418642553,1.2919411018541562,2.3247224543679303,-2.1597243917120004,0.41846224200794013
0.8055396764176314,0.9078350718256473,-1.0809610914104857,-2.3298990007249016,1.2900573018509138,2.327383072516049,-2.154815978642374,0.7515925596562048
0.80320889133192,0.9047350213837831,-1.081669430915145,-2.3300470183646227,1.2867193932395065,2.326940541841086,-2.1536451986904908,0.9315494294556079
0.7998378846119529,0.8999423927007586,-1.0791000930717283,-2.3298541000539483,1.2811630573060613,2.3320520219414504,-2.1510144390614085,1.0090723131861479
0.7990388954768859,0.9050108977789884,-1.0812926675966885,-2.329433994383802,1.2845392039816717,2.3267383376485458,-2.15375143532428,1.0100091779373428
0.7900740933423979,0.9025998837956302,-1.0776393254018795,-2.3288044487880635,1.2833886321366277,2.3274654478734287,-2.1579667462753727,1.010249498804233
0.7891594783512683,0.9010298856847105,-1.078280221239255,-2.3289122366659,1.2806929039315882,2.329969703325249,-2.1578903100816627,1.0054411919229063
0.7905959882046597,0.9017346269553769,-1.0820663661688836,-2.327719578800448,1.279834229253733,2.328851951097744,-2.1610459638257784,1.0008716942736469
0.7954088815776388,0.8998058648584033,-1.0858906330603637,-2.3300763504612254,1.275305076597047,2.3252349873763642,-2.1538140839767195,1.001433092190833
0.7945062862822974,0.9011277144699612,-1.0846648259956007,-2.331180692111591,1.2780746697663863,2.3226489417777545,-2.1547812920911777,1.0023547533841008
0.8014377702483133,0.9034470047141255,-1.0923753859830272,-2.3303794880818542,1.2749922679884975,2.321698030302832,-2.154560981694877,1.000670675912144
0.8009094791320684,0.9057622197329066,-1.0942830568873914,-2.3300762730056315,1.2767590192413916,2.317318174909047,-2.156523214893023,1.0007064028197776
0.805804668780587,0.9074331868123072,-1.0959729557726126,-2.330934588749063,1.278657601088898,2.314792573204266,-2.153360981830968,1.0049626141520571
0.8139155956725652,0.9094992559534302,-1.1077114243298578,-2.3316637119296972,1.2726632091838308,2.310261928548376,-2.1521818809769844,0.997222229903231
0.8213869793803068,0.9119545130146579,-1.1148271369138545,-2.332945436992732,1.2712431784801062,2.3025028721359058,-2.148151855229632,0.9987493299128428
0.8275703647153105,0.9151852083253318,-1.1237686093630306,-2.3334586442866065,1.2698757361789152,2.2954111229994223,-2.1474559472255064,0.997045572118292
0.8322389724103959,0.9210902956177915,-1.13348507233694,-2.334159401881743,1.270577077155102,2.284711132566072,-2.1480381201084846,0.9951205342416358
0.8331623185348545,0.9213232224101053,-1.1324448071323479,-2.334442347165836,1.2717113513529898,2.284336876459979,-2.1465787209593397,0.9963912086595171
0.8397929812499227,0.9240993937302381,-1.14112887520191,-2.334991837353947,1.2708506076595079,2.2752454627363834,-2.145191404043503,0.9977969709047165
0.8530809604787906,0.9323446421869174,-1.1591900658613166,-2.3365403430554155,1.270736844992802,2.2589344174287347,-2.145208142602379,0.9974630449584283
0.8601822986958199,0.940523144217913,-1.174644998168902,-2.3370679705602724,1.270651207661514,2.2439230412406665,-2.145460575550973,0.9931311646753185
0.8602614215085862,0.9393918523011141,-1.1736077756061571,-2.337259602434563,1.268925416279476,2.2483216512405124,-2.1451467033833844,0.98981155646513
0.8771736925380221,0.9523824085158615,-1.1994622361807008,-2.3384683946369638,1.2701003626775986,2.2246128195248156,-2.1445237967819857,0.9895055085533583
0.8930300554902725,0.9663981449470856,-1.2242768403568902,-2.340441097684511,1.2716265549050583,2.1977778903707454,-2.145150234929043,0.9874576212774668
0.8923896243941718,0.9672945698591034,-1.2230175829557581,-2.3408927210460586,1.2720110598839887,2.1979630398546535,-2.1437440508514682,0.9912865922830641
0.9125758566654061,0.9823612313340819,-1.250447676391034,-2.342581596489271,1.2729170674434007,2.172688839477787,-2.142900350080391,0.9907687701466289
0.9455421825793222,1.0130071833523668,-1.3030655267192972,-2.3450502544390863,1.2760659653919666,2.1203682956543055,-2.140581817789413,0.9920476132065323
0.9401140813843037,1.0068498138950275,-1.2947772891904339,-2.3452184037979222,1.2752513928332991,2.1272985824022035,-2.142124474336897,0.9882581191257247
0.9574788421653018,1.0204016369540916,-1.3218956850329087,-2.3467533547704784,1.2752088729025317,2.106855671655209,-2.142072226812082,0.9870928230969175
0.9591056117997655,1.0221537033562234,-1.3236281496974074,-2.347646794941874,1.2761432713394742,2.1021548282526354,-2.142930876180537,0.9899780107150165
0.9813745317833893,1.0407038799559931,-1.3601766631490588,-2.3488947695718254,1.2770943768009964,2.0673117659119877,-2.1404851114911683,0.9896792012084529
0.9827831217415028,1.0426567154923956,-1.3648683357403109,-2.3496667661074366,1.2766397687043605,2.0661872698291086,-2.1417722389404394,0.9857682240137305
0.9933142250682375,1.0501070066946863,-1.3781807769680703,-2.3507303526449337,1.2776971020751455,2.048848058281823,-2.1420589230441895,0.9891230940131457
1.0084261068081808,1.0616218949677092,-1.4040879704266487,-2.352081302803004,1.2778210881131833,2.0246371855475616,-2.140517911326191,0.9848656326751476
1.0241989361632664,1.0759975914597413,-1.4272280886489843,-2.3544939064763613,1.279143200162916,2.0060183657603954,-2.140645240479257,0.9908138866321028
1.0239794451726356,1.0751758919997787,-1.4265038962001366,-2.3543383992174847,1.2788755779705134,2.001944638206481,-2.141483281101813,0.9891117567519764
1.0369546821116413,1.0856912202113151,-1.4474430141200894,-2.3555033650243415,1.2791284183186522,1.9874885563298466,-2.1415894693582644,0.9866991294353364
1.0332404686813317,1.0827298793768299,-1.4418035102232336,-2.3555136767212184,1.2791848681460722,1.9895622352521993,-2.1416279293418086,0.9879825073997076
1.0400333602932113,1.0894139970390064,-1.4547989050498575,-2.3557337718424076,1.2788952059583307,1.9808972632665787,-2.143417358689365,0.9835551324936713
1.0525292933645038,1.0957039009295062,-1.4694169423339172,-2.357643429404249,1.279777524948455,1.9649628009737987,-2.14111759680545,0.9887493132333622
1.056570064130031,1.1001770802529987,-1.477608395766115,-2.358302778565422,1.2795375965855376,1.957820863933252,-2.143426356874194,0.9906300485817567
1.0616815918599225,1.103830102936081,-1.4876202664964744,-2.359823966015726,1.2792672415222273,1.951255602291064,-2.145237072250378,0.9885921904215151
1.0627430226666879,1.1027286388639608,-1.4875186328968035,-2.358622353610106,1.2786101907575582,1.9504738480273103,-2.13901768170395,0.9899026324631905
1.0598495748209793,1.1016041727548782,-1.4892087315041562,-2.359422032101408,1.2777081331370697,1.9515225070877977,-2.1465569995346714,0.9894544036683948
1.0668884529601523,1.1036555461501643,-1.49249830480169,-2.359834304653679,1.2775674400744523,1.9458150770861047,-2.141149961244432,0.9877761983163258
1.0662213310689928,1.1061952920619276,-1.495141402524799,-2.360473973358762,1.2777344771274828,1.9450097297787305,-2.1444613416388973,0.9852951404540635
1.0700291595957558,1.1041202309321005,-1.4947501967997079,-2.3607216022597237,1.2766589983790086,1.9459994950567747,-2.1396475546419906,0.9924904640697476
1.0692327293733523,1.1065015495350852,-1.4961782350052557,-2.3606836018718864,1.2772645671666127,1.944825858701291,-2.141393831404237,0.9891902164132484
1.068999597014571,1.1035902802078894,-1.494569323444361,-2.360851788274702,1.2762999079930977,1.9464812209077036,-2.140794871585045,0.9867278795668659
1.0700892662961023,1.1056922237996132,-1.497123070478887,-2.361463721141941,1.2768319216155333,1.9444335516352038,-2.1421001405359874,0.991351447230933
1.0700361642337939,1.1046523010851919,-1.4947506461745037,-2.3601371223490295,1.2767734138367413,1.9460796340736843,-2.1387930657245855,0.9915579598036179
1.068570760248496,1.1021548658308487,-1.493526674056824,-2.360226256899302,1.2747699649832986,1.946584176170843,-2.1388677603341355,0.9915382504111234
1.0684402330937905,1.1046368573056324,-1.4955930990904704,-2.360472983274215,1.275478486660778,1.9459964679853283,-2.140181785583218,0.9903012098680445
1.068397646209945,1.1056203034740166,-1.4957055176852432,-2.360265078989961,1.2761190406217067,1.944761147646908,-2.1400538759020984,0.9897972540741163
1.0712479953892753,1.10494205506435,-1.496363976587558,-2.361359809411428,1.276459808601854,1.9440099462527236,-2.1403712312380083,0.9909614745166075
1.0696392224128692,1.1029954219742286,-1.4944149382367056,-2.360666817581477,1.2744085289753935,1.947445229952981,-2.1365095586261686,0.9932697408906885
1.0717915146050574,1.103723087361678,-1.4949239300888533,-2.361046996576845,1.2750707024899834,1.947035269034086,-2.136376762833932,0.9965436221474939
1.0747679596011797,1.106006927820219,-1.4973711752967525,-2.3613629413115245,1.2762864649236512,1.9433052551668841,-2.1366946503205577,0.9949622777036717
1.0721546705574176,1.104643916873887,-1.4954494988779163,-2.360790625296689,1.2757123407478714,1.9460554453692847,-2.136445023257555,0.9929489254694961
1.0727569317201258,1.1040912446253597,-1.4947623548844635,-2.3604583340640866,1.2753391766299966,1.9444641915896825,-2.1354043299669923,0.990331907682903
1.0761179247674046,1.1057715621262896,-1.4946029266929872,-2.3598019955681675,1.2762697357705624,1.9449927517048187,-2.1313859147807097,0.9945538456025705
1.0747563078133167,1.105747562711031,-1.4947766100515998,-2.3591930060134922,1.2753579637344576,1.944998830231486,-2.1312861123328464,0.9889900410788581
1.0796931882124106,1.1090816269317116,-1.4973880268515984,-2.359309155727823,1.2764827558660776,1.9414088454149991,-2.129747616236413,0.9877456749208697
1.0819749860495904,1.1059926995954585,-1.4942862672534813,-2.3589288487623437,1.2754608613030594,1.9447470677587768,-2.122613265100341,0.9957061473858837
1.087480226643142,1.1097459899654072,-1.497719415798303,-2.358804576313569,1.276534791055877,1.9395326114948945,-2.1214714631737945,0.9897058292372507
1.1159168732660854,1.1152304952974772,-1.5003908241335533,-2.357692697897165,1.278212010359833,1.9340125917013542,-2.0941416053581117,0.9890188493501886
1.1254525205150392,1.1180323802768155,-1.5020288451951154,-2.356406322130869,1.2782890728937375,1.9308639775888392,-2.0819413245405656,0.9891310010260639
1.1444823626831497,1.1247169031239252,-1.505281170315123,-2.3546543102758193,1.2814248154434789,1.92483113218157,-2.0647146383265205,0.9863979361969373
1.184076284727641,1.1310845090173336,-1.508607991790183,-2.3528835979463225,1.2849735755564826,1.9124465538462547,-2.0264333606683693,0.9911393241674642
1.2023352467483035,1.138973521997781,-1.513834919693876,-2.3511375131280148,1.2858651331992716,1.9069963273824024,-2.0093870735469475,0.9869158455430738
1.2121902380762561,1.1390401593352135,-1.5138209890752035,-2.351262768926067,1.2864123712361586,1.905901746707557,-1.9992630513127212,0.9880264320192638
1.2358664737000407,1.1464795261283507,-1.5173006479113997,-2.3495288075920033,1.2892744615746925,1.899393515230754,-1.975911310360941,0.9931944207786634
1.2592986979893586,1.149909073736882,-1.520764978074003,-2.349397082568053,1.29109684390016,1.8964381320817272,-1.9571256644365764,0.9879405886032815
1.317965567034393,1.1658990737538466,-1.530496314105393,-2.3458460803565067,1.2953599786813732,1.8741648010436989,-1.897878761258517,0.9891801582276982
1.3187344329373347,1.164943086656687,-1.5285000165051723,-2.3456532630748677,1.2960903080048434,1.8783756002448098,-1.8985701943588968,0.9900572552636002
1.3692732087943544,1.1787116135267113,-1.5393253804424298,-2.34284143306534,1.2999034152908617,1.860890155717872,-1.8512970693028454,0.979478747565478
1.4019616511804749,1.18713693551801,-1.5421493265556194,-2.341110229823942,1.303076223093809,1.8518528600402953,-1.8164365531999054,0.990273128344225
1.4506991991645748,1.1994333320224548,-1.5520364208843194,-2.339036369770913,1.3064923006645899,1.8382247126839535,-1.7739195735427826,0.9861146209473051
1.4661643876123132,1.2008533805401158,-1.551489531757718,-2.337841287208612,1.30751412884208,1.836887826957546,-1.7534334037233879,0.9888960580907542
1.5410127926655557,1.2167183030850897,-1.5607755124011118,-2.334509534841992,1.3133160691010974,1.8187897993116087,-1.6809454780598816,0.9889798666137062
1.552293647125938,1.2212213414213327,-1.5647641131589234,-2.3341992713067348,1.3144047475054146,1.8110769327350171,-1.6732872245442005,0.9931775020966107
1.5894847892310817,1.2305475141908395,-1.5704893727459952,-2.332354945854433,1.3173840304296078,1.802756311026796,-1.6355173437238395,0.9887827436188615
1.6070425886284299,1.23301699168481,-1.5723637649501967,-2.3313992684296148,1.3177225081090345,1.7991334394651712,-1.618278732496029,0.9875540170673067
1.6605726244554502,1.2472087186332521,-1.5808772453541846,-2.329234125275494,1.3229833399282624,1.7843646470003747,-1.5668823328622405,0.992025897990908
1.6865632516810873,1.2541809227827476,-1.5860082816694878,-2.3283126832231287,1.3247982096247963,1.7750779540762247,-1.5437492952720713,0.9890202737753098
1.720115204797723,1.26143887581418,-1.5905144872963684,-2.3263751079711796,1.3272395816788047,1.766876311254449,-1.509429553145295,0.9895848693815438
1.7546286678061551,1.2685705046507507,-1.5939722765591644,-2.3244620238412215,1.329856720482793,1.757885957826367,-1.4712771648093539,0.9899505105892057
1.7817432599090695,1.2770480954983983,-1.5974112420110662,-2.3241052044426485,1.3325249540149315,1.741947176122087,-1.4451511891389375,0.9944047751531437
1.8062575856755596,1.2821901104738844,-1.6016812013216393,-2.3216656378035676,1.334339093470656,1.744719053950293,-1.4219674384926368,0.991573570340151
1.8371636929800883,1.2934188758481096,-1.6089147874111254,-2.3206659016164246,1.3373206445670605,1.7319443387048297,-1.3950123357241526,0.983879523512617
1.8370111036819852,1.2936672230439288,-1.6071202590942604,-2.3213754487376383,1.337606898964358,1.7298350167999605,-1.3926805843256234,0.9929478498831801
1.8643914774028452,1.300199489860469,-1.610902372133359,-2.319575498605306,1.3400532499329763,1.7242260240963139,-1.3675417482328351,0.9922252302981855
1.8852088012527963,1.306919668981677,-1.615312561345517,-2.3181881308476187,1.3429467074335515,1.7173565713826378,-1.348774691300517,0.993909889168151
1.8954979897036321,1.3097394444342083,-1.616759548188292,-2.3171343020311213,1.3445175881856974,1.7146587784284488,-1.3387887621770156,0.9899585048118251
1.8989337482184192,1.3066303046034158,-1.615939289394189,-2.3183394235119033,1.3411213930805919,1.7111986511452741,-1.3309813371402557,0.993230409315401
1.9166550220556102,1.3157714948670005,-1.6205030649254766,-2.31586324058277,1.3461821389180353,1.7081531873660951,-1.3184798590176219,0.9960348698199941
1.9227079501178608,1.317912523220717,-1.622369518174951,-2.31613975031731,1.34713740453932,1.7038417458770352,-1.3110393035220012,0.9917149372659628
1.9233109409303646,1.316964109964996,-1.6214167936771253,-2.3159302598772,1.345777496995572,1.7038595808664545,-1.3099289710536879,0.9954216402703338
1.923702082549252,1.317496211286159,-1.6225147660950898,-2.3158096935102064,1.3456160473911591,1.7028890509031707,-1.3102198397971572,0.9935770969479798
1.9247688922109893,1.3169240589927786,-1.6230389368292324,-2.316088245715078,1.3447266140852703,1.7018819870787485,-1.3091355585252444,0.9951731798313221
1.9251989704093928,1.3186651074815416,-1.6241173864088423,-2.316440581108298,1.3458575800710064,1.6987729861497636,-1.306091946695453,0.9945767526841127
1.9246097915592173,1.3181642677363585,-1.6242157495586098,-2.316251486746612,1.3454899591447305,1.700050445134083,-1.307660001345277,0.9954237914429658
1.9242112177891724,1.3178432054291127,-1.6260383138696852,-2.316080623074359,1.3454811077409798,1.7002684500125615,-1.3108087129414197,0.9909593524138758
1.922206312800347,1.3181628651731292,-1.626320820824703,-2.316373129072833,1.345338976325253,1.699045053339919,-1.3118760863337744,0.9928530820077645
1.9245069910967454,1.318054119770743,-1.6252668372062031,-2.3165269525144536,1.3451277818317613,1.699335345659887,-1.308039134541546,0.9976132200640716
1.9252130454567178,1.3177393534139936,-1.6252373781918057,-2.316513481976404,1.3448824651768108,1.6994154359092475,-1.3081419363843523,1.0008735547472747
1.9233317246451063,1.3171796995173908,-1.6258376929885854,-2.3166066711586297,1.3445268600311264,1.69906639959288,-1.3092615089241835,0.997618539855851
1.9226614498446888,1.3145843341815637,-1.624228282122362,-2.316755601427304,1.3436379578094624,1.7001149855020437,-1.3090020612616098,0.9967824313795612
1.920418650247571,1.3170236098139942,-1.6250712593089238,-2.316296877408387,1.3452672135693442,1.7009633179206352,-1.3135791863220423,0.9993119778357478
1.9235648179522085,1.3134723820532948,-1.623722585685384,-2.3166104344901974,1.3432256594227547,1.7010316760910182,-1.309141460560455,1.0011020150947874
1.9200904517141513,1.3114154451571989,-1.6205242854019493,-2.3165943792926598,1.3433391786758575,1.7049958926298237,-1.3106956551030018,1.0013337312711488
1.9168270796434712,1.3125211948391868,-1.620708678859864,-2.316592619703627,1.3442417563163163,1.705913586436953,-1.3139201014214565,1.0010257066061474
1.9178960597564316,1.3066414627731073,-1.6142913071913179,-2.3162946968650404,1.34308452378995,1.7132598464458824,-1.311324004154902,1.0024178641379435
1.9155787413339904,1.305853097565897,-1.612017495689367,-2.3163529518906523,1.343068082307483,1.7149479839287491,-1.3116557759374734,1.0017946926823347
1.9092009690720282,1.3007993817377197,-1.6045445675905352,-2.316144648541708,1.3429014325033668,1.724013509050516,-1.3142241529894738,0.9998528524032273
1.9009322733960738,1.2948651367141242,-1.5958467935896983,-2.315852322711681,1.3424345209555173,1.7334311358774568,-1.3166856645022933,0.9969370541799709
1.907470132878546,1.2938553535250992,-1.5955574461516764,-2.315712759518403,1.3417249039168238,1.7333809192353733,-1.3123341713453187,1.0003661105652943
1.896248439656803,1.285691874504694,-1.5841267743643512,-2.3153103255103598,1.342186748036026,1.7485733066324607,-1.3185197461326308,1.0012641088596088
1.888536892232672,1.2709016582422303,-1.5639547891515204,-2.3150631798649504,1.3406560305283988,1.7710250641994008,-1.3167405244033485,1.0009196886792637
1.887297893440575,1.2643003853148036,-1.5561652265784494,-2.3150366799489728,1.3391779124875602,1.7779287795997814,-1.3133842740280819,1.0025231843872169
1.887187463513198,1.2665008200133032,-1.5570215352172894,-2.3144736165099595,1.3402092116670634,1.7780316094606512,-1.3148197747723582,1.0026261790444555
1.875241234210462,1.2521720470533126,-1.5365058282161337,-2.3138102901724276,1.339743826986361,1.8033551068629592,-1.3180100425016634,0.9993189546118519
1.8630100838562687,1.2305332080458995,-1.5073431016008105,-2.3134319431702344,1.3379571268822636,1.8352148213485144,-1.3162318608851435,1.0015857673079136
1.8522691784660483,1.2177631815229217,-1.4892823790401497,-2.3125630193780893,1.3384952479732874,1.859710064628913,-1.322040987418434,0.9997992184369262
1.845118988653689,1.209963527404223,-1.4786016139261038,-2.3123089414570357,1.3384660604694196,1.872285857041218,-1.3249530854554403,1.001563964882588
1.8332896348607501,1.189549562449082,-1.4483697997060854,-2.311471733204819,1.3351071519026136,1.9034064993187523,-1.318859742062627,0.9973282187602142
1.8303322964125153,1.1872623246707183,-1.4473122959850173,-2.3115026666116325,1.3348369185461049,1.9045181765029862,-1.3193102560208068,1.00060212908692
1.813178628455768,1.1620616607582057,-1.411361550872969,-2.310281255040805,1.3330767505247503,1.9459255425518198,-1.3207326223178728,0.9995195369248482
1.808569050456824,1.154598528310348,-1.4017506098389785,-2.310112150957585,1.3323540997940337,1.9564957277028037,-1.3200884296878461,0.9976491504610083
1.801598350383483,1.1472563591490084,-1.3897306703852725,-2.309840804648661,1.3317758818440193,1.970779655123404,-1.3229780322627795,1.0000523009901068
1.7940005872204374,1.1336309404804905,-1.3718653135171262,-2.30908716929832,1.3301594163625574,1.9899739169689015,-1.3200901954606754,1.0001399758098164
1.779231521674045,1.1114736050152398,-1.3404447032398397,-2.3080763763251646,1.329573276406186,2.0281495463593187,-1.3225353312446528,0.9984865670828177
1.7679822045276454,1.0973882546957296,-1.3209281935799848,-2.307744341032785,1.327510766561217,2.051223379300369,-1.3250898965667135,0.9933977938021014
1.7543836041317018,1.0762410452682936,-1.2892567260642078,-2.3063992160405125,1.3267098030358162,2.0874070476347484,-1.3239948513371425,0.9974146435742053
1.7504054958961572,1.0701273033194065,-1.274997264902004,-2.306308028917004,1.3318371335579742,2.1017108902855384,-1.3236204591199767,1.0108461585106459
1.7417551954324466,1.054960623502136,-1.2591512111271015,-2.3053914303649763,1.3243918195500926,2.1195746804259086,-1.3186257650684001,0.9977919708818418
1.7268136776706982,1.0329484533311282,-1.230387118963964,-2.3044477690810528,1.3241756240134817,2.1562963384294003,-1.3249797655572322,0.9974513007186528
1.724387836687106,1.0278767223574707,-1.2216141776665392,-2.304029813224588,1.3242174468962036,2.1657602804944887,-1.3238680785234607,0.9984633402323707
1.7165974953064547,1.016680496450168,-1.207283403220754,-2.3037077781228925,1.323169905390818,2.1844427245163702,-1.3241880220469424,0.9968659492035088
1.7084342967141888,1.0024756555355308,-1.1872958192674836,-2.3033169127813085,1.3230160679936307,2.2082516133094257,-1.326780611956507,0.9987760742212424
1.7026779969857504,0.9949407118503277,-1.1760804541792405,-2.302711782535784,1.3221711793771171,2.221228017204766,-1.3249611644708514,1.001369429108882
1.7018695367908012,0.9914552097609614,-1.1719669147455378,-2.302664417598277,1.322200123467382,2.2256878792463985,-1.325328130766666,0.999684276050609
1.697951411934511,0.9843238926051082,-1.1609764367773727,-2.3018989698489296,1.3217511802691464,2.2383791462483997,-1.322561914591769,1.0007446588087492
1.6982931593452624,0.9852808303284567,-1.1660918385945684,-2.302219865006342,1.3201967409994675,2.2309801894191708,-1.3183645758216658,0.9991435177627312
1.6914290744668459,0.9715170955494662,-1.1435368999762343,-2.3017368153004796,1.3219906549976215,2.259494993439916,-1.3233914166142047,1.0024492305605122
1.691859744606492,0.974010985435646,-1.1453986972035177,-2.301297003706507,1.3210629836275296,2.2564766722852596,-1.3204393830848518,1.0019489375740387
1.6948685819428362,0.9669559287593825,-1.1321645096034099,-2.300528661475296,1.3241537610462175,2.273403052595041,-1.314437666369815,0.9991358433090166
1.6929925228311593,0.9628022065874399,-1.1292837675090728,-2.3006767254199922,1.3230681363761942,2.2782651493824178,-1.3171452492113092,1.0028804534635538
1.6870257551053376,0.9624866220688068,-1.1306369910524212,-2.3010318618432177,1.3218834202411818,2.274955449088125,-1.3201243014838182,1.0063768938780837
1.6892243564230047,0.9619616270680061,-1.1293549809315886,-2.3005411562412457,1.3214180355604794,2.2787488398689,-1.3178606532825643,1.0011884689786787
1.6895697212524612,0.9612873136273998,-1.128922551310291,-2.30067792787599,1.321570124805426,2.2786560421895783,-1.3175070149433112,1.0010150960924888
1.6917716111325876,0.9626416910178529,-1.128686710679563,-2.3006331768542956,1.3229165782154728,2.278620232874885,-1.3173958196323983,1.002821499705473
1.6897266514530103,0.960340474359303,-1.1274254030059245,-2.3004919005874367,1.3221791456404928,2.2803827478370637,-1.3155597545312112,1.0002823601821433
1.6920479819216516,0.96157180020243,-1.127287757009416,-2.3004806436376475,1.3225189731589915,2.280042851952774,-1.3153661000480334,1.0026638245655177
1.6893332736116506,0.9603709489414707,-1.124378492098173,-2.3004576460615627,1.3216108633911885,2.2815742087317776,-1.3125924095744477,1.0054198836858879
1.6915436479829216,0.9606097197472403,-1.1271779098370867,-2.3004549687921254,1.3220189131040958,2.281857032649927,-1.3157273820066577,1.003460659606321
1.6937757268664226,0.9608819884381389,-1.1250679703440378,-2.300326767787215,1.3228251653432375,2.282427055632066,-1.3117215449282005,1.0052096501659473
1.6910180699307054,0.9603734423872119,-1.125792474858716,-2.3003217287535986,1.3217489010326806,2.283017115110131,-1.3136563481758192,1.0023809162944917
1.6935842009888036,0.9601390351114892,-1.1237629859367653,-2.3003066164937245,1.322519128058557,2.2834262609142755,-1.3099100555146115,1.0064914583556952
1.693249622644213,0.9618576971327075,-1.1250218470142928,-2.3004405788898543,1.3229425792139904,2.2796663664730037,-1.3119614723349757,1.0072087000091092
1.695310301652345,0.9611010532305354,-1.1242448155790281,-2.30032198553573,1.3231731140246774,2.2830862814284725,-1.309162770777752,1.0063901788225822
1.6941841005525957,0.9613138532405072,-1.1263182683351771,-2.3005958443104775,1.3225661511409825,2.279070649959232,-1.3102136474979198,1.0078037899408987
1.695305303037407,0.9607507942320642,-1.126164657050781,-2.300274303409147,1.3229868583612534,2.2825351802554197,-1.3118765942958213,1.003944993217456
1.696478333266574,0.9706680461065303,-1.137229799889547,-2.3020175434182004,1.3246718337077459,2.2619409229029013,-1.3086704346110516,1.0147451007665884
1.6948639121841444,0.9597975109651301,-1.1278790780689614,-2.300451807425227,1.3224257678774967,2.2816000415992646,-1.312935840295427,1.0044506641355095
1.7039726382546556,0.9669686141645907,-1.1323553066521659,-2.3014657137764893,1.324276618530277,2.270108010432677,-1.307995836824223,1.012200641451479
1.6963434364345011,0.9608448906407212,-1.1282086632751658,-2.30044480948071,1.3229551924643352,2.2812041884356717,-1.312970768733312,1.0064590454167108
1.6913250901218886,0.9602653904744224,-1.1233506034244178,-2.301692815892713,1.3220068973235042,2.2813947998850894,-1.307778791898223,0.9970880723127269
1.6854194896578063,0.9578096191400105,-1.1205585441977868,-2.3018256290835652,1.3250830256689845,2.286508258554593,-1.3144977026460136,1.009635978555568
1.6956784233340185,0.9611278110201452,-1.1273819759249548,-2.300646395240711,1.3224631208013244,2.279378777268619,-1.3102702006057976,1.006441254637645
